{"filter":false,"title":"rss.xml","tooltip":"/img/rss.xml","undoManager":{"mark":2,"position":2,"stack":[[{"start":{"row":0,"column":0},"end":{"row":14,"column":6},"action":"insert","lines":["<?xml version=\"1.0\" encoding=\"UTF-8\" ?>","<rss version=\"2.0\">","","<channel>","  <title>W3Schools Home Page</title>","  <link>http://www.w3schools.com</link>","  <description>Free web building tutorials</description>","  <item>","    <title>RSS Tutorial</title>","    <link>http://www.w3schools.com/xml/xml_rss.asp</link>","    <description>New RSS tutorial on W3Schools</description>","  </item>","</channel>","","</rss>"],"id":1}],[{"start":{"row":0,"column":0},"end":{"row":14,"column":6},"action":"remove","lines":["<?xml version=\"1.0\" encoding=\"UTF-8\" ?>","<rss version=\"2.0\">","","<channel>","  <title>W3Schools Home Page</title>","  <link>http://www.w3schools.com</link>","  <description>Free web building tutorials</description>","  <item>","    <title>RSS Tutorial</title>","    <link>http://www.w3schools.com/xml/xml_rss.asp</link>","    <description>New RSS tutorial on W3Schools</description>","  </item>","</channel>","","</rss>"],"id":2}],[{"start":{"row":0,"column":0},"end":{"row":25,"column":6},"action":"insert","lines":["<?xml version=\"1.0\" encoding=\"ISO-8859-1\" ?>","<rss version=\"2.0\" xmlns:content=\"http://purl.org/rss/1.0/modules/content/\" xmlns:wfw=\"http://wellformedweb.org/CommentAPI/\" xmlns:dc=\"http://purl.org/dc/elements/1.1/\" xmlns:atom=\"http://www.w3.org/2005/Atom\" xmlns:sy=\"http://purl.org/rss/1.0/modules/syndication/\" xmlns:media=\"http://search.yahoo.com/mrss/\">","","<?xml version=\"1.0\" encoding=\"ISO-8859-1\" ?>","<rss version=\"2.0\" xmlns:content=\"http://purl.org/rss/1.0/modules/content/\" xmlns:wfw=\"http://wellformedweb.org/CommentAPI/\" xmlns:dc=\"http://purl.org/dc/elements/1.1/\" xmlns:atom=\"http://www.w3.org/2005/Atom\" xmlns:sy=\"http://purl.org/rss/1.0/modules/syndication/\" xmlns:media=\"http://search.yahoo.com/mrss/\">","","<channel>","  <title>MyTvTimetable - You one stop shop for viewing queries</title>","  <link>https://itp-andremac96.c9users.io</link>","  <description></description>","  <category>Tv</category>","  <ttl>1</ttl>","  <copyright>Copyright 2016</copyright>","  <generator>RSSGenerator.net Free RSS Feed Generator</generator>","  <language>en-us</language>","  <atom:link href=\"rssfeed.xml\" rel=\"self\" type=\"application/rss+xml\" />","\t<item>","\t\t<title>MyTvTimetable - You one stop shop for viewing queries</title>","\t\t<link>https://itp-andremac96.c9users.io</link>","\t\t<guid>https://itp-andremac96.c9users.io</guid>","\t      <pubDate>Sun, 17 Apr 2016 00:00:00 EST</pubDate>","\t\t<description></description>","\t\t</item>","</channel>","","</rss>"],"id":3}]]},"ace":{"folds":[],"scrolltop":0,"scrollleft":0,"selection":{"start":{"row":25,"column":6},"end":{"row":25,"column":6},"isBackwards":false},"options":{"guessTabSize":true,"useWrapMode":false,"wrapToView":true},"firstLineState":0},"timestamp":1460917771722,"hash":"cd68e03d6fc636d569ab6c11de402356b6bb30bc"}