<!--https://feedity.com/builder.aspx-->
<?xml version="1.0" encoding="utf-8"?>
<rss version="2.0" xmlns:atom="http://www.w3.org/2005/Atom">
 <channel>
   <title>c9users.io</title>
   <link>https://itp-andremac96.c9users.io/</link>
   <description>RSS Feed for c9users.io (Generated by Feedity)</description>
   <generator>Feedity/3.0.56a10 (+https://feedity.com)</generator>
   <pubDate>Mon, 18 Apr 2016 00:35:24 GMT</pubDate>
   <lastBuildDate>Mon, 18 Apr 2016 00:35:24 GMT</lastBuildDate>
   <image>
     <title>Generated by Feedity</title>
     <url>https://feedity.com/images/feedity-logo-small.gif</url>
     <link>https://itp-andremac96.c9users.io/</link>
   </image>
   <ttl>1440</ttl>
   <item>
     <title>Sign In Sign Up Here</title>
     <link>https://feedity.com/hop.aspx?szC0MDG14OXKKCkpKLbS188sKdBNzEspSs1NTLY000u2LC1OLSrWy8zXBwA%3D</link>
     <guid isPermaLink="false">https://itp-andremac96.c9users.io/#sign-in-sign-up-here</guid>
     <description />
   </item>
 </channel>
</rss>